<?xml version="1.0" encoding="UTF-8"?>
<project-private xmlns="http://www.netbeans.org/ns/project-private/1">
    <editor-bookmarks xmlns="http://www.netbeans.org/ns/editor-bookmarks/2" lastBookmarkId="0"/>
    <open-files xmlns="http://www.netbeans.org/ns/projectui-open-files/2">
        <group>
            <file>file:/C:/Users/welcome/Documents/NetBeansProjects/JavaProject/src/javaproject/RoomNO.java</file>
            <file>file:/C:/Users/welcome/Documents/NetBeansProjects/JavaProject/src/javaproject/receptioninst.java</file>
            <file>file:/C:/Users/welcome/Documents/NetBeansProjects/JavaProject/src/javaproject/RoomsAlloted.java</file>
            <file>file:/C:/Users/welcome/Documents/NetBeansProjects/JavaProject/src/javaproject/StatusRoom.java</file>
            <file>file:/C:/Users/welcome/Documents/NetBeansProjects/JavaProject/src/javaproject/Entrypage.java</file>
            <file>file:/C:/Users/welcome/Documents/NetBeansProjects/JavaProject/src/javaproject/Status.java</file>
            <file>file:/C:/Users/welcome/Documents/NetBeansProjects/JavaProject/src/javaproject/Payment.java</file>
            <file>file:/C:/Users/welcome/Documents/NetBeansProjects/JavaProject/src/javaproject/NewClass.java</file>
            <file>file:/C:/Users/welcome/Documents/NetBeansProjects/JavaProject/src/javaproject/FreeRoom.java</file>
        </group>
    </open-files>
</project-private>
